Sector,SectorName,Flowable,Year,FlowAmount,DataReliability,TemporalCorrelation,GeographicalCorrelation,TechnologicalCorrelation,DataCollection,Location,Context,Unit,FlowUUID,MetaSources
1111A0,,Injury and illness,2018,279.83478134395676,,,,,,US,,DALY,,Huang et al. 2023
1111B0,,Injury and illness,2018,614.3575875804521,,,,,,US,,DALY,,Huang et al. 2023
111200,,Injury and illness,2018,378.4547507808828,,,,,,US,,DALY,,Huang et al. 2023
111300,,Injury and illness,2018,1579.117899225083,,,,,,US,,DALY,,Huang et al. 2023
111400,,Injury and illness,2018,740.7782945117387,,,,,,US,,DALY,,Huang et al. 2023
111900,,Injury and illness,2018,1386.8006870616512,,,,,,US,,DALY,,Huang et al. 2023
112120,,Injury and illness,2018,4296.747741364624,,,,,,US,,DALY,,Huang et al. 2023
1121A0,,Injury and illness,2018,518.8779573074735,,,,,,US,,DALY,,Huang et al. 2023
112300,,Injury and illness,2018,934.5201035780159,,,,,,US,,DALY,,Huang et al. 2023
112A00,,Injury and illness,2018,1296.8519339063027,,,,,,US,,DALY,,Huang et al. 2023
113000,,Injury and illness,2018,645.1361739352006,,,,,,US,,DALY,,Huang et al. 2023
114000,,Injury and illness,2018,704.7885044295397,,,,,,US,,DALY,,Huang et al. 2023
115000,,Injury and illness,2018,3844.2652786826197,,,,,,US,,DALY,,Huang et al. 2023
211000,,Injury and illness,2018,448.9822197626544,,,,,,US,,DALY,,Huang et al. 2023
212100,,Injury and illness,2018,539.8542967453659,,,,,,US,,DALY,,Huang et al. 2023
212230,,Injury and illness,2018,63.98304065261872,,,,,,US,,DALY,,Huang et al. 2023
2122A0,,Injury and illness,2018,144.26269181884885,,,,,,US,,DALY,,Huang et al. 2023
212310,,Injury and illness,2018,521.145813409424,,,,,,US,,DALY,,Huang et al. 2023
2123A0,,Injury and illness,2018,524.6297933752701,,,,,,US,,DALY,,Huang et al. 2023
213111,,Injury and illness,2018,436.7561872942321,,,,,,US,,DALY,,Huang et al. 2023
21311A,,Injury and illness,2018,1883.4596414540779,,,,,,US,,DALY,,Huang et al. 2023
221100,,Injury and illness,2018,6328.098684733285,,,,,,US,,DALY,,Huang et al. 2023
221200,,Injury and illness,2018,821.3962423780906,,,,,,US,,DALY,,Huang et al. 2023
221300,,Injury and illness,2018,1538.5295455771836,,,,,,US,,DALY,,Huang et al. 2023
233210,,Injury and illness,2018,2314.5880467104766,,,,,,US,,DALY,,Huang et al. 2023
233262,,Injury and illness,2018,5654.6784219701785,,,,,,US,,DALY,,Huang et al. 2023
230301,,Injury and illness,2018,10310.14273264724,,,,,,US,,DALY,,Huang et al. 2023
230302,,Injury and illness,2018,4386.397127428511,,,,,,US,,DALY,,Huang et al. 2023
2332A0,,Injury and illness,2018,7907.270383550314,,,,,,US,,DALY,,Huang et al. 2023
233412,,Injury and illness,2018,3301.540538878002,,,,,,US,,DALY,,Huang et al. 2023
2334A0,,Injury and illness,2018,12183.487541313443,,,,,,US,,DALY,,Huang et al. 2023
233230,,Injury and illness,2018,4291.169275984398,,,,,,US,,DALY,,Huang et al. 2023
2332D0,,Injury and illness,2018,6092.682108465904,,,,,,US,,DALY,,Huang et al. 2023
233240,,Injury and illness,2018,6901.810458690915,,,,,,US,,DALY,,Huang et al. 2023
233411,,Injury and illness,2018,13071.383590403548,,,,,,US,,DALY,,Huang et al. 2023
2332C0,,Injury and illness,2018,6957.72747036795,,,,,,US,,DALY,,Huang et al. 2023
321100,,Injury and illness,2018,2552.4127761017417,,,,,,US,,DALY,,Huang et al. 2023
321200,,Injury and illness,2018,1357.144275430888,,,,,,US,,DALY,,Huang et al. 2023
321910,,Injury and illness,2018,1162.4741526773016,,,,,,US,,DALY,,Huang et al. 2023
3219A0,,Injury and illness,2018,2950.6352925499095,,,,,,US,,DALY,,Huang et al. 2023
327100,,Injury and illness,2018,604.5616410821767,,,,,,US,,DALY,,Huang et al. 2023
327200,,Injury and illness,2018,762.2600341771316,,,,,,US,,DALY,,Huang et al. 2023
327310,,Injury and illness,2018,142.25624081256976,,,,,,US,,DALY,,Huang et al. 2023
327320,,Injury and illness,2018,1447.1327238123984,,,,,,US,,DALY,,Huang et al. 2023
327330,,Injury and illness,2018,379.056351468158,,,,,,US,,DALY,,Huang et al. 2023
327390,,Injury and illness,2018,1124.3323417955833,,,,,,US,,DALY,,Huang et al. 2023
327400,,Injury and illness,2018,346.04749004700545,,,,,,US,,DALY,,Huang et al. 2023
327910,,Injury and illness,2018,170.97678370773636,,,,,,US,,DALY,,Huang et al. 2023
327991,,Injury and illness,2018,895.9457667015962,,,,,,US,,DALY,,Huang et al. 2023
327992,,Injury and illness,2018,134.16495480904837,,,,,,US,,DALY,,Huang et al. 2023
327993,,Injury and illness,2018,206.57154873663882,,,,,,US,,DALY,,Huang et al. 2023
327999,,Injury and illness,2018,130.61089554381013,,,,,,US,,DALY,,Huang et al. 2023
331110,,Injury and illness,2018,101.80697775029542,,,,,,US,,DALY,,Huang et al. 2023
331200,,Injury and illness,2018,701.6407134987251,,,,,,US,,DALY,,Huang et al. 2023
331313,,Injury and illness,2018,93.6390876011566,,,,,,US,,DALY,,Huang et al. 2023
33131B,,Injury and illness,2018,324.498333445163,,,,,,US,,DALY,,Huang et al. 2023
331410,,Injury and illness,2018,163.47489987014407,,,,,,US,,DALY,,Huang et al. 2023
331420,,Injury and illness,2018,399.15514543965446,,,,,,US,,DALY,,Huang et al. 2023
331490,,Injury and illness,2018,351.5031999869881,,,,,,US,,DALY,,Huang et al. 2023
331510,,Injury and illness,2018,1603.3063049950613,,,,,,US,,DALY,,Huang et al. 2023
331520,,Injury and illness,2018,1496.8389080064378,,,,,,US,,DALY,,Huang et al. 2023
332114,,Injury and illness,2018,480.52006075552544,,,,,,US,,DALY,,Huang et al. 2023
33211A,,Injury and illness,2018,536.1408130844836,,,,,,US,,DALY,,Huang et al. 2023
332119,,Injury and illness,2018,280.5059739053057,,,,,,US,,DALY,,Huang et al. 2023
332200,,Injury and illness,2018,258.6583330537622,,,,,,US,,DALY,,Huang et al. 2023
332310,,Injury and illness,2018,2935.8923087143967,,,,,,US,,DALY,,Huang et al. 2023
332320,,Injury and illness,2018,2782.657234113684,,,,,,US,,DALY,,Huang et al. 2023
332410,,Injury and illness,2018,152.7062695101388,,,,,,US,,DALY,,Huang et al. 2023
332420,,Injury and illness,2018,795.1606298573558,,,,,,US,,DALY,,Huang et al. 2023
332430,,Injury and illness,2018,256.7752975114713,,,,,,US,,DALY,,Huang et al. 2023
332500,,Injury and illness,2018,140.4390733125661,,,,,,US,,DALY,,Huang et al. 2023
332600,,Injury and illness,2018,328.99368642853113,,,,,,US,,DALY,,Huang et al. 2023
332710,,Injury and illness,2018,1916.3730290280496,,,,,,US,,DALY,,Huang et al. 2023
332720,,Injury and illness,2018,551.2506977147126,,,,,,US,,DALY,,Huang et al. 2023
332800,,Injury and illness,2018,2149.9397864609573,,,,,,US,,DALY,,Huang et al. 2023
332913,,Injury and illness,2018,251.80567854138562,,,,,,US,,DALY,,Huang et al. 2023
33291A,,Injury and illness,2018,554.582997285467,,,,,,US,,DALY,,Huang et al. 2023
332991,,Injury and illness,2018,125.86437162208658,,,,,,US,,DALY,,Huang et al. 2023
332996,,Injury and illness,2018,356.3000550456438,,,,,,US,,DALY,,Huang et al. 2023
33299A,,Injury and illness,2018,423.6678716205075,,,,,,US,,DALY,,Huang et al. 2023
332999,,Injury and illness,2018,593.4466515922991,,,,,,US,,DALY,,Huang et al. 2023
333111,,Injury and illness,2018,649.9474303642357,,,,,,US,,DALY,,Huang et al. 2023
333112,,Injury and illness,2018,179.8282233474009,,,,,,US,,DALY,,Huang et al. 2023
333120,,Injury and illness,2018,494.5173254066202,,,,,,US,,DALY,,Huang et al. 2023
333130,,Injury and illness,2018,309.01798953283,,,,,,US,,DALY,,Huang et al. 2023
333242,,Injury and illness,2018,47.28075499630005,,,,,,US,,DALY,,Huang et al. 2023
33329A,,Injury and illness,2018,909.4088062388204,,,,,,US,,DALY,,Huang et al. 2023
333314,,Injury and illness,2018,131.70348824439998,,,,,,US,,DALY,,Huang et al. 2023
333316,,Injury and illness,2018,63.81300086789761,,,,,,US,,DALY,,Huang et al. 2023
333318,,Injury and illness,2018,326.46934213738524,,,,,,US,,DALY,,Huang et al. 2023
333414,,Injury and illness,2018,104.317645348713,,,,,,US,,DALY,,Huang et al. 2023
333415,,Injury and illness,2018,397.97221036378903,,,,,,US,,DALY,,Huang et al. 2023
333413,,Injury and illness,2018,128.06680466333012,,,,,,US,,DALY,,Huang et al. 2023
333511,,Injury and illness,2018,240.01377943288517,,,,,,US,,DALY,,Huang et al. 2023
333514,,Injury and illness,2018,603.3316237517768,,,,,,US,,DALY,,Huang et al. 2023
333517,,Injury and illness,2018,368.8585144136792,,,,,,US,,DALY,,Huang et al. 2023
33351B,,Injury and illness,2018,390.6881635991102,,,,,,US,,DALY,,Huang et al. 2023
333611,,Injury and illness,2018,106.28601148433695,,,,,,US,,DALY,,Huang et al. 2023
333612,,Injury and illness,2018,81.90211824886852,,,,,,US,,DALY,,Huang et al. 2023
333613,,Injury and illness,2018,109.65365222609341,,,,,,US,,DALY,,Huang et al. 2023
333618,,Injury and illness,2018,142.33751987932524,,,,,,US,,DALY,,Huang et al. 2023
333912,,Injury and illness,2018,140.34453871324817,,,,,,US,,DALY,,Huang et al. 2023
33391A,,Injury and illness,2018,265.69079452611277,,,,,,US,,DALY,,Huang et al. 2023
333920,,Injury and illness,2018,869.9515829900467,,,,,,US,,DALY,,Huang et al. 2023
333991,,Injury and illness,2018,66.8363965231232,,,,,,US,,DALY,,Huang et al. 2023
333993,,Injury and illness,2018,106.99451571230027,,,,,,US,,DALY,,Huang et al. 2023
333994,,Injury and illness,2018,110.54136071959958,,,,,,US,,DALY,,Huang et al. 2023
33399A,,Injury and illness,2018,401.47893368142496,,,,,,US,,DALY,,Huang et al. 2023
33399B,,Injury and illness,2018,337.0996443498119,,,,,,US,,DALY,,Huang et al. 2023
334111,,Injury and illness,2018,900.4995813728765,,,,,,US,,DALY,,Huang et al. 2023
334112,,Injury and illness,2018,82.36280042903728,,,,,,US,,DALY,,Huang et al. 2023
334118,,Injury and illness,2018,96.07449029079378,,,,,,US,,DALY,,Huang et al. 2023
334210,,Injury and illness,2018,61.77624959889558,,,,,,US,,DALY,,Huang et al. 2023
334220,,Injury and illness,2018,116.84845650292644,,,,,,US,,DALY,,Huang et al. 2023
334290,,Injury and illness,2018,122.2865800553594,,,,,,US,,DALY,,Huang et al. 2023
334413,,Injury and illness,2018,271.8384868971061,,,,,,US,,DALY,,Huang et al. 2023
334418,,Injury and illness,2018,162.55740866567027,,,,,,US,,DALY,,Huang et al. 2023
33441A,,Injury and illness,2018,940.5961477484082,,,,,,US,,DALY,,Huang et al. 2023
334510,,Injury and illness,2018,1324.5532372872099,,,,,,US,,DALY,,Huang et al. 2023
334511,,Injury and illness,2018,184.35871371301266,,,,,,US,,DALY,,Huang et al. 2023
334512,,Injury and illness,2018,162.43741954416345,,,,,,US,,DALY,,Huang et al. 2023
334513,,Injury and illness,2018,141.28107848515617,,,,,,US,,DALY,,Huang et al. 2023
334514,,Injury and illness,2018,65.11659579708598,,,,,,US,,DALY,,Huang et al. 2023
334515,,Injury and illness,2018,123.6655795454274,,,,,,US,,DALY,,Huang et al. 2023
334516,,Injury and illness,2018,144.81735310030027,,,,,,US,,DALY,,Huang et al. 2023
334517,,Injury and illness,2018,84.5088234833481,,,,,,US,,DALY,,Huang et al. 2023
33451A,,Injury and illness,2018,181.48842141889025,,,,,,US,,DALY,,Huang et al. 2023
334300,,Injury and illness,2018,226.812844181495,,,,,,US,,DALY,,Huang et al. 2023
334610,,Injury and illness,2018,322.38543755704876,,,,,,US,,DALY,,Huang et al. 2023
335110,,Injury and illness,2018,79.508253400323,,,,,,US,,DALY,,Huang et al. 2023
335120,,Injury and illness,2018,459.465605890599,,,,,,US,,DALY,,Huang et al. 2023
335210,,Injury and illness,2018,113.95209612893015,,,,,,US,,DALY,,Huang et al. 2023
335221,,Injury and illness,2018,95.9295219376559,,,,,,US,,DALY,,Huang et al. 2023
335222,,Injury and illness,2018,137.5286927996088,,,,,,US,,DALY,,Huang et al. 2023
335224,,Injury and illness,2018,256.476190837122,,,,,,US,,DALY,,Huang et al. 2023
335228,,Injury and illness,2018,261.2680202085322,,,,,,US,,DALY,,Huang et al. 2023
335311,,Injury and illness,2018,264.11379068575104,,,,,,US,,DALY,,Huang et al. 2023
335312,,Injury and illness,2018,148.81539426986868,,,,,,US,,DALY,,Huang et al. 2023
335313,,Injury and illness,2018,291.8287217159161,,,,,,US,,DALY,,Huang et al. 2023
335314,,Injury and illness,2018,140.3177845115416,,,,,,US,,DALY,,Huang et al. 2023
335911,,Injury and illness,2018,243.95272350087794,,,,,,US,,DALY,,Huang et al. 2023
335912,,Injury and illness,2018,141.33785680291345,,,,,,US,,DALY,,Huang et al. 2023
335920,,Injury and illness,2018,150.3352392517515,,,,,,US,,DALY,,Huang et al. 2023
335930,,Injury and illness,2018,315.9068119513885,,,,,,US,,DALY,,Huang et al. 2023
335991,,Injury and illness,2018,101.7095893027666,,,,,,US,,DALY,,Huang et al. 2023
335999,,Injury and illness,2018,150.6945664926921,,,,,,US,,DALY,,Huang et al. 2023
336111,,Injury and illness,2018,1726.624794353777,,,,,,US,,DALY,,Huang et al. 2023
336112,,Injury and illness,2018,1570.2666573512226,,,,,,US,,DALY,,Huang et al. 2023
336120,,Injury and illness,2018,191.49537393271117,,,,,,US,,DALY,,Huang et al. 2023
336211,,Injury and illness,2018,855.3289518945754,,,,,,US,,DALY,,Huang et al. 2023
336212,,Injury and illness,2018,779.9054793078406,,,,,,US,,DALY,,Huang et al. 2023
336213,,Injury and illness,2018,398.6179449448629,,,,,,US,,DALY,,Huang et al. 2023
336214,,Injury and illness,2018,916.2027815393245,,,,,,US,,DALY,,Huang et al. 2023
336310,,Injury and illness,2018,510.0310535885066,,,,,,US,,DALY,,Huang et al. 2023
336320,,Injury and illness,2018,445.9461085260451,,,,,,US,,DALY,,Huang et al. 2023
336350,,Injury and illness,2018,664.2705658705423,,,,,,US,,DALY,,Huang et al. 2023
336360,,Injury and illness,2018,816.9230005481121,,,,,,US,,DALY,,Huang et al. 2023
336370,,Injury and illness,2018,868.2028098088349,,,,,,US,,DALY,,Huang et al. 2023
336390,,Injury and illness,2018,1585.9642056265413,,,,,,US,,DALY,,Huang et al. 2023
3363A0,,Injury and illness,2018,650.0407261670908,,,,,,US,,DALY,,Huang et al. 2023
336411,,Injury and illness,2018,1134.4443411846273,,,,,,US,,DALY,,Huang et al. 2023
336412,,Injury and illness,2018,248.37834368929398,,,,,,US,,DALY,,Huang et al. 2023
336413,,Injury and illness,2018,554.2488127648392,,,,,,US,,DALY,,Huang et al. 2023
336414,,Injury and illness,2018,77.60295242403458,,,,,,US,,DALY,,Huang et al. 2023
33641A,,Injury and illness,2018,217.15808423836037,,,,,,US,,DALY,,Huang et al. 2023
336500,,Injury and illness,2018,227.47232375558957,,,,,,US,,DALY,,Huang et al. 2023
336611,,Injury and illness,2018,2107.6320663099614,,,,,,US,,DALY,,Huang et al. 2023
336612,,Injury and illness,2018,600.5210956695846,,,,,,US,,DALY,,Huang et al. 2023
336991,,Injury and illness,2018,117.58456952973297,,,,,,US,,DALY,,Huang et al. 2023
336992,,Injury and illness,2018,75.6141550383121,,,,,,US,,DALY,,Huang et al. 2023
336999,,Injury and illness,2018,158.7314235311716,,,,,,US,,DALY,,Huang et al. 2023
337110,,Injury and illness,2018,1403.0299753925142,,,,,,US,,DALY,,Huang et al. 2023
337121,,Injury and illness,2018,597.8541003734606,,,,,,US,,DALY,,Huang et al. 2023
337122,,Injury and illness,2018,344.3210290546548,,,,,,US,,DALY,,Huang et al. 2023
337127,,Injury and illness,2018,396.7009226888184,,,,,,US,,DALY,,Huang et al. 2023
33712N,,Injury and illness,2018,517.3295944689202,,,,,,US,,DALY,,Huang et al. 2023
337215,,Injury and illness,2018,322.29026701493456,,,,,,US,,DALY,,Huang et al. 2023
33721A,,Injury and illness,2018,1711.085014981269,,,,,,US,,DALY,,Huang et al. 2023
337900,,Injury and illness,2018,724.0649676059834,,,,,,US,,DALY,,Huang et al. 2023
339112,,Injury and illness,2018,519.9451207092343,,,,,,US,,DALY,,Huang et al. 2023
339113,,Injury and illness,2018,421.4142123949174,,,,,,US,,DALY,,Huang et al. 2023
339114,,Injury and illness,2018,202.97458159449207,,,,,,US,,DALY,,Huang et al. 2023
339115,,Injury and illness,2018,182.75174668936268,,,,,,US,,DALY,,Huang et al. 2023
339116,,Injury and illness,2018,124.90626010034273,,,,,,US,,DALY,,Huang et al. 2023
339910,,Injury and illness,2018,180.96729615862063,,,,,,US,,DALY,,Huang et al. 2023
339920,,Injury and illness,2018,333.96118715761247,,,,,,US,,DALY,,Huang et al. 2023
339930,,Injury and illness,2018,113.52306211837262,,,,,,US,,DALY,,Huang et al. 2023
339940,,Injury and illness,2018,95.0202786300056,,,,,,US,,DALY,,Huang et al. 2023
339950,,Injury and illness,2018,417.8964886202467,,,,,,US,,DALY,,Huang et al. 2023
339990,,Injury and illness,2018,1458.8078471830136,,,,,,US,,DALY,,Huang et al. 2023
311111,,Injury and illness,2018,289.0067997991704,,,,,,US,,DALY,,Huang et al. 2023
311119,,Injury and illness,2018,376.0303092962016,,,,,,US,,DALY,,Huang et al. 2023
311210,,Injury and illness,2018,424.8554355038697,,,,,,US,,DALY,,Huang et al. 2023
311221,,Injury and illness,2018,61.83684000271186,,,,,,US,,DALY,,Huang et al. 2023
311225,,Injury and illness,2018,75.43241062026352,,,,,,US,,DALY,,Huang et al. 2023
311224,,Injury and illness,2018,215.40001934877847,,,,,,US,,DALY,,Huang et al. 2023
311230,,Injury and illness,2018,97.25252469479372,,,,,,US,,DALY,,Huang et al. 2023
311300,,Injury and illness,2018,985.5636446360004,,,,,,US,,DALY,,Huang et al. 2023
311410,,Injury and illness,2018,1068.237602217048,,,,,,US,,DALY,,Huang et al. 2023
311420,,Injury and illness,2018,1237.2573429938986,,,,,,US,,DALY,,Huang et al. 2023
311513,,Injury and illness,2018,1158.37383365028,,,,,,US,,DALY,,Huang et al. 2023
311514,,Injury and illness,2018,126.94037249422828,,,,,,US,,DALY,,Huang et al. 2023
31151A,,Injury and illness,2018,1167.2020396933262,,,,,,US,,DALY,,Huang et al. 2023
311520,,Injury and illness,2018,516.8308476796612,,,,,,US,,DALY,,Huang et al. 2023
311615,,Injury and illness,2018,2981.4239978628466,,,,,,US,,DALY,,Huang et al. 2023
31161A,,Injury and illness,2018,4350.971290767269,,,,,,US,,DALY,,Huang et al. 2023
311700,,Injury and illness,2018,149.61931690948649,,,,,,US,,DALY,,Huang et al. 2023
311810,,Injury and illness,2018,2843.830153759636,,,,,,US,,DALY,,Huang et al. 2023
3118A0,,Injury and illness,2018,817.1966778553544,,,,,,US,,DALY,,Huang et al. 2023
311910,,Injury and illness,2018,728.8947772402048,,,,,,US,,DALY,,Huang et al. 2023
311920,,Injury and illness,2018,203.2555391717866,,,,,,US,,DALY,,Huang et al. 2023
311930,,Injury and illness,2018,101.51742417119515,,,,,,US,,DALY,,Huang et al. 2023
311940,,Injury and illness,2018,485.9855774727315,,,,,,US,,DALY,,Huang et al. 2023
311990,,Injury and illness,2018,1654.904713874792,,,,,,US,,DALY,,Huang et al. 2023
312110,,Injury and illness,2018,1744.9198618178852,,,,,,US,,DALY,,Huang et al. 2023
312120,,Injury and illness,2018,1331.1429421330856,,,,,,US,,DALY,,Huang et al. 2023
312130,,Injury and illness,2018,388.1636453839782,,,,,,US,,DALY,,Huang et al. 2023
312140,,Injury and illness,2018,134.37246211937457,,,,,,US,,DALY,,Huang et al. 2023
312200,,Injury and illness,2018,123.81315918390217,,,,,,US,,DALY,,Huang et al. 2023
313100,,Injury and illness,2018,119.00422450960161,,,,,,US,,DALY,,Huang et al. 2023
313200,,Injury and illness,2018,550.140674956682,,,,,,US,,DALY,,Huang et al. 2023
313300,,Injury and illness,2018,325.23020410644256,,,,,,US,,DALY,,Huang et al. 2023
314110,,Injury and illness,2018,138.08639597692587,,,,,,US,,DALY,,Huang et al. 2023
314120,,Injury and illness,2018,311.715253524754,,,,,,US,,DALY,,Huang et al. 2023
314900,,Injury and illness,2018,598.3514376726546,,,,,,US,,DALY,,Huang et al. 2023
315000,,Injury and illness,2018,728.4712292907724,,,,,,US,,DALY,,Huang et al. 2023
316000,,Injury and illness,2018,484.9013086967444,,,,,,US,,DALY,,Huang et al. 2023
322110,,Injury and illness,2018,87.58905524398294,,,,,,US,,DALY,,Huang et al. 2023
322120,,Injury and illness,2018,306.5481629436418,,,,,,US,,DALY,,Huang et al. 2023
322130,,Injury and illness,2018,172.4845296718337,,,,,,US,,DALY,,Huang et al. 2023
322210,,Injury and illness,2018,1071.1766923833575,,,,,,US,,DALY,,Huang et al. 2023
322220,,Injury and illness,2018,464.375788271873,,,,,,US,,DALY,,Huang et al. 2023
322230,,Injury and illness,2018,189.601820439607,,,,,,US,,DALY,,Huang et al. 2023
322291,,Injury and illness,2018,144.51135142461553,,,,,,US,,DALY,,Huang et al. 2023
322299,,Injury and illness,2018,131.08161253584998,,,,,,US,,DALY,,Huang et al. 2023
323110,,Injury and illness,2018,2351.692804606987,,,,,,US,,DALY,,Huang et al. 2023
323120,,Injury and illness,2018,112.18544119310563,,,,,,US,,DALY,,Huang et al. 2023
324110,,Injury and illness,2018,194.6373967615341,,,,,,US,,DALY,,Huang et al. 2023
324121,,Injury and illness,2018,81.43824752799196,,,,,,US,,DALY,,Huang et al. 2023
324122,,Injury and illness,2018,184.08075415291614,,,,,,US,,DALY,,Huang et al. 2023
324190,,Injury and illness,2018,188.513222696697,,,,,,US,,DALY,,Huang et al. 2023
325110,,Injury and illness,2018,72.89620188424244,,,,,,US,,DALY,,Huang et al. 2023
325120,,Injury and illness,2018,173.10757006459522,,,,,,US,,DALY,,Huang et al. 2023
325130,,Injury and illness,2018,124.18994442277601,,,,,,US,,DALY,,Huang et al. 2023
325180,,Injury and illness,2018,414.49392639295075,,,,,,US,,DALY,,Huang et al. 2023
325190,,Injury and illness,2018,417.0653697800741,,,,,,US,,DALY,,Huang et al. 2023
325211,,Injury and illness,2018,537.6168486319739,,,,,,US,,DALY,,Huang et al. 2023
3252A0,,Injury and illness,2018,179.97865436125986,,,,,,US,,DALY,,Huang et al. 2023
325411,,Injury and illness,2018,196.22182789530208,,,,,,US,,DALY,,Huang et al. 2023
325412,,Injury and illness,2018,1296.9771382416693,,,,,,US,,DALY,,Huang et al. 2023
325413,,Injury and illness,2018,160.95095679829979,,,,,,US,,DALY,,Huang et al. 2023
325414,,Injury and illness,2018,256.0555371536827,,,,,,US,,DALY,,Huang et al. 2023
325310,,Injury and illness,2018,275.1588847963013,,,,,,US,,DALY,,Huang et al. 2023
325320,,Injury and illness,2018,148.28165550544992,,,,,,US,,DALY,,Huang et al. 2023
325510,,Injury and illness,2018,510.6128187601873,,,,,,US,,DALY,,Huang et al. 2023
325520,,Injury and illness,2018,224.13238117946307,,,,,,US,,DALY,,Huang et al. 2023
325610,,Injury and illness,2018,586.5747872320333,,,,,,US,,DALY,,Huang et al. 2023
325620,,Injury and illness,2018,530.4313348541585,,,,,,US,,DALY,,Huang et al. 2023
325910,,Injury and illness,2018,124.04787958598709,,,,,,US,,DALY,,Huang et al. 2023
3259A0,,Injury and illness,2018,764.8956154126148,,,,,,US,,DALY,,Huang et al. 2023
326110,,Injury and illness,2018,966.4932784061084,,,,,,US,,DALY,,Huang et al. 2023
326120,,Injury and illness,2018,907.9065417269406,,,,,,US,,DALY,,Huang et al. 2023
326130,,Injury and illness,2018,177.17330580035076,,,,,,US,,DALY,,Huang et al. 2023
326140,,Injury and illness,2018,467.77676436229586,,,,,,US,,DALY,,Huang et al. 2023
326150,,Injury and illness,2018,267.8938169802085,,,,,,US,,DALY,,Huang et al. 2023
326160,,Injury and illness,2018,157.2947736627876,,,,,,US,,DALY,,Huang et al. 2023
326190,,Injury and illness,2018,2428.3128850108687,,,,,,US,,DALY,,Huang et al. 2023
326210,,Injury and illness,2018,574.8327446866025,,,,,,US,,DALY,,Huang et al. 2023
326220,,Injury and illness,2018,208.0181162744886,,,,,,US,,DALY,,Huang et al. 2023
326290,,Injury and illness,2018,471.55047503514453,,,,,,US,,DALY,,Huang et al. 2023
423100,,Injury and illness,2018,2428.754665477553,,,,,,US,,DALY,,Huang et al. 2023
423400,,Injury and illness,2018,3959.6619830138675,,,,,,US,,DALY,,Huang et al. 2023
423600,,Injury and illness,2018,1772.653875920856,,,,,,US,,DALY,,Huang et al. 2023
423800,,Injury and illness,2018,3326.4686956912774,,,,,,US,,DALY,,Huang et al. 2023
423A00,,Injury and illness,2018,10993.15893753379,,,,,,US,,DALY,,Huang et al. 2023
424200,,Injury and illness,2018,677.8328380825408,,,,,,US,,DALY,,Huang et al. 2023
424400,,Injury and illness,2018,5252.422805394243,,,,,,US,,DALY,,Huang et al. 2023
424700,,Injury and illness,2018,974.3387409852063,,,,,,US,,DALY,,Huang et al. 2023
424A00,,Injury and illness,2018,10497.317662145337,,,,,,US,,DALY,,Huang et al. 2023
425000,,Injury and illness,2018,1090.8197379087947,,,,,,US,,DALY,,Huang et al. 2023
4200ID,,Injury and illness,2018,0.0,,,,,,US,,DALY,,Huang et al. 2023
441000,,Injury and illness,2018,20940.991702165065,,,,,,US,,DALY,,Huang et al. 2023
445000,,Injury and illness,2018,23799.779233610756,,,,,,US,,DALY,,Huang et al. 2023
452000,,Injury and illness,2018,9882.899242117182,,,,,,US,,DALY,,Huang et al. 2023
444000,,Injury and illness,2018,9556.223703294138,,,,,,US,,DALY,,Huang et al. 2023
446000,,Injury and illness,2018,4216.990256945885,,,,,,US,,DALY,,Huang et al. 2023
447000,,Injury and illness,2018,5601.555432325095,,,,,,US,,DALY,,Huang et al. 2023
448000,,Injury and illness,2018,4708.202738229404,,,,,,US,,DALY,,Huang et al. 2023
454000,,Injury and illness,2018,6463.2881642134,,,,,,US,,DALY,,Huang et al. 2023
4B0000,,Injury and illness,2018,11646.54369050101,,,,,,US,,DALY,,Huang et al. 2023
481000,,Injury and illness,2018,8860.451941785763,,,,,,US,,DALY,,Huang et al. 2023
482000,,Injury and illness,2018,921.1718251931427,,,,,,US,,DALY,,Huang et al. 2023
483000,,Injury and illness,2018,3243.241973660553,,,,,,US,,DALY,,Huang et al. 2023
484000,,Injury and illness,2018,13004.956336008467,,,,,,US,,DALY,,Huang et al. 2023
485000,,Injury and illness,2018,7388.452844509817,,,,,,US,,DALY,,Huang et al. 2023
486000,,Injury and illness,2018,2246.471482231635,,,,,,US,,DALY,,Huang et al. 2023
48A000,,Injury and illness,2018,9613.537340953322,,,,,,US,,DALY,,Huang et al. 2023
492000,,Injury and illness,2018,833.7795435618488,,,,,,US,,DALY,,Huang et al. 2023
493000,,Injury and illness,2018,11623.251428435507,,,,,,US,,DALY,,Huang et al. 2023
511110,,Injury and illness,2018,797.964773315081,,,,,,US,,DALY,,Huang et al. 2023
511120,,Injury and illness,2018,306.1902180292826,,,,,,US,,DALY,,Huang et al. 2023
511130,,Injury and illness,2018,346.8007222859925,,,,,,US,,DALY,,Huang et al. 2023
5111A0,,Injury and illness,2018,727.2993554139828,,,,,,US,,DALY,,Huang et al. 2023
511200,,Injury and illness,2018,392.96917449534675,,,,,,US,,DALY,,Huang et al. 2023
512100,,Injury and illness,2018,1999.0315690366765,,,,,,US,,DALY,,Huang et al. 2023
512200,,Injury and illness,2018,1788.4334445812935,,,,,,US,,DALY,,Huang et al. 2023
515100,,Injury and illness,2018,1327.7399646829879,,,,,,US,,DALY,,Huang et al. 2023
515200,,Injury and illness,2018,362.15553736775155,,,,,,US,,DALY,,Huang et al. 2023
517110,,Injury and illness,2018,324.98923343435115,,,,,,US,,DALY,,Huang et al. 2023
517210,,Injury and illness,2018,342.7125268590085,,,,,,US,,DALY,,Huang et al. 2023
517A00,,Injury and illness,2018,1085.3539673501766,,,,,,US,,DALY,,Huang et al. 2023
518200,,Injury and illness,2018,402.04246364295483,,,,,,US,,DALY,,Huang et al. 2023
519130,,Injury and illness,2018,602.071172458096,,,,,,US,,DALY,,Huang et al. 2023
5191A0,,Injury and illness,2018,1168.4245430306328,,,,,,US,,DALY,,Huang et al. 2023
522A00,,Injury and illness,2018,1560.6567268347821,,,,,,US,,DALY,,Huang et al. 2023
52A000,,Injury and illness,2018,2421.455964938154,,,,,,US,,DALY,,Huang et al. 2023
523900,,Injury and illness,2018,923.4905761709415,,,,,,US,,DALY,,Huang et al. 2023
523A00,,Injury and illness,2018,787.526606571452,,,,,,US,,DALY,,Huang et al. 2023
524113,,Injury and illness,2018,149.18188326723524,,,,,,US,,DALY,,Huang et al. 2023
5241XX,,Injury and illness,2018,979.5045148370309,,,,,,US,,DALY,,Huang et al. 2023
524200,,Injury and illness,2018,1457.3855498146418,,,,,,US,,DALY,,Huang et al. 2023
525000,,Injury and illness,2018,1117.800557281072,,,,,,US,,DALY,,Huang et al. 2023
531HSO,,Injury and illness,2018,0.0,,,,,,US,,DALY,,Huang et al. 2023
531HST,,Injury and illness,2018,2107.045405053838,,,,,,US,,DALY,,Huang et al. 2023
531ORE,,Injury and illness,2018,4958.342593550853,,,,,,US,,DALY,,Huang et al. 2023
532100,,Injury and illness,2018,1480.8164083134138,,,,,,US,,DALY,,Huang et al. 2023
532400,,Injury and illness,2018,2017.787748371141,,,,,,US,,DALY,,Huang et al. 2023
532A00,,Injury and illness,2018,2731.4342567662097,,,,,,US,,DALY,,Huang et al. 2023
533000,,Injury and illness,2018,397.42065702349544,,,,,,US,,DALY,,Huang et al. 2023
541100,,Injury and illness,2018,832.8371964844358,,,,,,US,,DALY,,Huang et al. 2023
541511,,Injury and illness,2018,733.5231435619393,,,,,,US,,DALY,,Huang et al. 2023
541512,,Injury and illness,2018,476.5505224064549,,,,,,US,,DALY,,Huang et al. 2023
54151A,,Injury and illness,2018,447.15984648958994,,,,,,US,,DALY,,Huang et al. 2023
541200,,Injury and illness,2018,1148.286794053898,,,,,,US,,DALY,,Huang et al. 2023
541300,,Injury and illness,2018,2789.905885013106,,,,,,US,,DALY,,Huang et al. 2023
541610,,Injury and illness,2018,1154.4041926299242,,,,,,US,,DALY,,Huang et al. 2023
5416A0,,Injury and illness,2018,1419.7100556707392,,,,,,US,,DALY,,Huang et al. 2023
541700,,Injury and illness,2018,676.2158160807433,,,,,,US,,DALY,,Huang et al. 2023
541800,,Injury and illness,2018,1798.4365929645585,,,,,,US,,DALY,,Huang et al. 2023
541400,,Injury and illness,2018,958.0345046328863,,,,,,US,,DALY,,Huang et al. 2023
541920,,Injury and illness,2018,402.59001413565795,,,,,,US,,DALY,,Huang et al. 2023
541940,,Injury and illness,2018,4118.49752885989,,,,,,US,,DALY,,Huang et al. 2023
5419A0,,Injury and illness,2018,728.1790717807172,,,,,,US,,DALY,,Huang et al. 2023
550000,,Injury and illness,2018,4104.755457554808,,,,,,US,,DALY,,Huang et al. 2023
561300,,Injury and illness,2018,2418.466040096488,,,,,,US,,DALY,,Huang et al. 2023
561700,,Injury and illness,2018,25714.72032069899,,,,,,US,,DALY,,Huang et al. 2023
561100,,Injury and illness,2018,337.61286722665653,,,,,,US,,DALY,,Huang et al. 2023
561200,,Injury and illness,2018,338.81557963478014,,,,,,US,,DALY,,Huang et al. 2023
561400,,Injury and illness,2018,3597.0097034304854,,,,,,US,,DALY,,Huang et al. 2023
561500,,Injury and illness,2018,1740.9742139761079,,,,,,US,,DALY,,Huang et al. 2023
561600,,Injury and illness,2018,4713.138910818057,,,,,,US,,DALY,,Huang et al. 2023
561900,,Injury and illness,2018,1160.4069782526785,,,,,,US,,DALY,,Huang et al. 2023
611100,,Injury and illness,2018,529.0396269938278,,,,,,US,,DALY,,Huang et al. 2023
611A00,,Injury and illness,2018,898.5098321070109,,,,,,US,,DALY,,Huang et al. 2023
611B00,,Injury and illness,2018,7914.637717590948,,,,,,US,,DALY,,Huang et al. 2023
621100,,Injury and illness,2018,7808.838097326969,,,,,,US,,DALY,,Huang et al. 2023
621200,,Injury and illness,2018,2539.191822317499,,,,,,US,,DALY,,Huang et al. 2023
621300,,Injury and illness,2018,16056.01225608594,,,,,,US,,DALY,,Huang et al. 2023
621400,,Injury and illness,2018,16261.591803458086,,,,,,US,,DALY,,Huang et al. 2023
621500,,Injury and illness,2018,4780.650243829329,,,,,,US,,DALY,,Huang et al. 2023
621600,,Injury and illness,2018,2521.945917152577,,,,,,US,,DALY,,Huang et al. 2023
621900,,Injury and illness,2018,11022.958565878469,,,,,,US,,DALY,,Huang et al. 2023
622000,,Injury and illness,2018,7944.526635790605,,,,,,US,,DALY,,Huang et al. 2023
623A00,,Injury and illness,2018,7548.7107934897695,,,,,,US,,DALY,,Huang et al. 2023
623B00,,Injury and illness,2018,7881.893895834585,,,,,,US,,DALY,,Huang et al. 2023
624100,,Injury and illness,2018,15950.18160269997,,,,,,US,,DALY,,Huang et al. 2023
624400,,Injury and illness,2018,2681.691268493361,,,,,,US,,DALY,,Huang et al. 2023
624A00,,Injury and illness,2018,12817.949302220512,,,,,,US,,DALY,,Huang et al. 2023
711100,,Injury and illness,2018,1406.794271961078,,,,,,US,,DALY,,Huang et al. 2023
711200,,Injury and illness,2018,1274.7027693546913,,,,,,US,,DALY,,Huang et al. 2023
711500,,Injury and illness,2018,381.9132776090573,,,,,,US,,DALY,,Huang et al. 2023
711A00,,Injury and illness,2018,1236.4680140905673,,,,,,US,,DALY,,Huang et al. 2023
712000,,Injury and illness,2018,1377.256495784087,,,,,,US,,DALY,,Huang et al. 2023
713100,,Injury and illness,2018,3599.1255812628833,,,,,,US,,DALY,,Huang et al. 2023
713200,,Injury and illness,2018,744.8825069020616,,,,,,US,,DALY,,Huang et al. 2023
713900,,Injury and illness,2018,8162.673927278842,,,,,,US,,DALY,,Huang et al. 2023
721000,,Injury and illness,2018,26586.818905669446,,,,,,US,,DALY,,Huang et al. 2023
722110,,Injury and illness,2018,63393.971217332524,,,,,,US,,DALY,,Huang et al. 2023
722211,,Injury and illness,2018,64720.129036470855,,,,,,US,,DALY,,Huang et al. 2023
722A00,,Injury and illness,2018,15423.304858767626,,,,,,US,,DALY,,Huang et al. 2023
811100,,Injury and illness,2018,4105.255694518653,,,,,,US,,DALY,,Huang et al. 2023
811200,,Injury and illness,2018,1601.5240403767157,,,,,,US,,DALY,,Huang et al. 2023
811300,,Injury and illness,2018,437.2796973450528,,,,,,US,,DALY,,Huang et al. 2023
811400,,Injury and illness,2018,2298.321351508209,,,,,,US,,DALY,,Huang et al. 2023
812100,,Injury and illness,2018,2395.2504154404496,,,,,,US,,DALY,,Huang et al. 2023
812200,,Injury and illness,2018,789.179406903409,,,,,,US,,DALY,,Huang et al. 2023
812300,,Injury and illness,2018,4093.827795669748,,,,,,US,,DALY,,Huang et al. 2023
812900,,Injury and illness,2018,3387.0130713401377,,,,,,US,,DALY,,Huang et al. 2023
813100,,Injury and illness,2018,451.49942329453205,,,,,,US,,DALY,,Huang et al. 2023
813A00,,Injury and illness,2018,3128.155422543153,,,,,,US,,DALY,,Huang et al. 2023
813B00,,Injury and illness,2018,2487.1348101984295,,,,,,US,,DALY,,Huang et al. 2023
814000,,Injury and illness,2018,454.1861799903472,,,,,,US,,DALY,,Huang et al. 2023
S00500,,Injury and illness,2018,0.0,,,,,,US,,DALY,,Huang et al. 2023
S00600,,Injury and illness,2018,0.0,,,,,,US,,DALY,,Huang et al. 2023
491000,,Injury and illness,2018,348.55418260762343,,,,,,US,,DALY,,Huang et al. 2023
S00102,,Injury and illness,2018,0.0,,,,,,US,,DALY,,Huang et al. 2023
S00203,,Injury and illness,2018,0.0,,,,,,US,,DALY,,Huang et al. 2023
